team_id,club_name,registered_position,position_count,position_market_value,position_salaries
38,A.C. Milan,0,2,7088313,3014000
38,A.C. Milan,11,2,87938794,37530000
38,A.C. Milan,12,3,89554274,22869000
38,A.C. Milan,3,5,46436817,43444000
38,A.C. Milan,4,3,24764634,6889000
38,A.C. Milan,5,3,81101700,18882000
38,A.C. Milan,7,4,48921262,12493000
38,A.C. Milan,9,1,12516325,8232000
79,A.S. Roma,0,4,17722174,4344000
79,A.S. Roma,12,4,63990020,20828500
79,A.S. Roma,2,1,19848461,3546500
79,A.S. Roma,3,4,68672239,15557500
79,A.S. Roma,4,3,24150416,7462000
79,A.S. Roma,5,2,13916253,1490500
79,A.S. Roma,7,6,87186722,19605000
79,A.S. Roma,8,2,17557092,3345500
79,A.S. Roma,9,2,37959055,6650500
59,ADO Den Haag,0,3,8947831,1878000
59,ADO Den Haag,10,2,16305602,1977000
59,ADO Den Haag,12,2,12494879,2706000
59,ADO Den Haag,3,4,20259143,2986000
59,ADO Den Haag,4,6,35127670,7456000
59,ADO Den Haag,7,4,19925969,3792500
59,ADO Den Haag,8,2,8517310,2700500
59,ADO Den Haag,9,1,5649000,1753500
10,AJ Auxerre,0,4,6280312,3157000
10,AJ Auxerre,10,1,6368674,1136500
10,AJ Auxerre,11,1,15396518,3335500
10,AJ Auxerre,12,4,29066932,6435000
10,AJ Auxerre,3,6,36182747,8580500
10,AJ Auxerre,4,4,23349737,4676500
10,AJ Auxerre,5,3,28920152,5293500
10,AJ Auxerre,7,1,11730336,2492500
10,AJ Auxerre,8,3,26611358,4637500
10,AJ Auxerre,9,1,15000339,2091000
31,AS Monaco,0,3,5838313,3358500
31,AS Monaco,12,6,66415215,15537500
31,AS Monaco,3,5,40133818,9138500
31,AS Monaco,4,3,14041080,4097500
31,AS Monaco,5,6,54746887,17052000
31,AS Monaco,7,1,8232235,1776500
31,AS Monaco,8,3,33496039,4604000
31,AS Monaco,9,2,19072115,4249500
133,AS Nancy-Lorraine,0,3,7064504,1458500
133,AS Nancy-Lorraine,10,1,15086636,1397500
133,AS Nancy-Lorraine,12,5,30080069,5361500
133,AS Nancy-Lorraine,3,4,21535079,5071500
133,AS Nancy-Lorraine,4,7,38320007,7242500
133,AS Nancy-Lorraine,5,4,23755285,3952500
133,AS Nancy-Lorraine,7,1,11433486,1600500
133,AS Nancy-Lorraine,8,4,19590451,4155500
43,AS Saint-Étienne,0,3,8580920,1915000
43,AS Saint-Étienne,11,1,8664000,3380000
43,AS Saint-Étienne,12,4,41367253,9105000
43,AS Saint-Étienne,3,7,37290483,8672000
43,AS Saint-Étienne,4,3,23213490,4281000
43,AS Saint-Étienne,5,1,6924959,1388500
43,AS Saint-Étienne,7,2,13811563,2931500
43,AS Saint-Étienne,8,6,64024693,11450500
43,AS Saint-Étienne,9,1,11968232,1903000
29,AZ,0,4,10356406,2305500
29,AZ,10,3,18410868,7795500
29,AZ,12,3,22331540,3463500
29,AZ,3,4,24379366,4214500
29,AZ,4,5,25169259,6604500
29,AZ,5,2,13361046,1754000
29,AZ,7,4,33451822,5124000
29,AZ,8,3,16920112,3386500
14,Ajax,0,3,12554790,7033500
14,Ajax,11,4,89268448,25640000
14,Ajax,12,2,19683769,6484000
14,Ajax,2,1,0,3226000
14,Ajax,3,5,39069101,11602500
14,Ajax,4,4,42056762,7702000
14,Ajax,5,2,19119841,3481500
14,Ajax,7,2,59175884,11545000
14,Ajax,8,2,25451813,12702500
14,Ajax,9,1,17957905,1634500
6,Anderlecht,0,3,9284177,2511000
6,Anderlecht,11,1,12623780,2041000
6,Anderlecht,12,6,56254651,11401500
6,Anderlecht,3,5,40140424,4961500
6,Anderlecht,4,4,41670271,7732500
6,Anderlecht,5,2,6779368,3764500
6,Anderlecht,7,2,24106857,5180500
6,Anderlecht,8,2,22732157,2482500
6,Anderlecht,9,2,31521677,7376000
40,Arsenal,0,2,2515808,5461500
40,Arsenal,10,1,31578087,3140000
40,Arsenal,11,1,33147459,5596500
40,Arsenal,12,2,121640372,35233000
40,Arsenal,3,4,70390206,19290000
40,Arsenal,4,3,40724023,5659500
40,Arsenal,5,1,12590999,1663500
40,Arsenal,7,1,11541080,4104500
40,Arsenal,8,1,8568000,3181500
40,Arsenal,9,4,152400816,40373000
22,Ascoli,0,2,3847671,880000
22,Ascoli,10,1,7283832,1132000
22,Ascoli,12,2,11984653,2126000
22,Ascoli,3,6,15850690,10964000
22,Ascoli,4,4,19390729,4541500
22,Ascoli,5,1,6791343,1074500
22,Ascoli,7,5,20836826,7070000
22,Ascoli,8,3,13339936,3689500
19,Aston Villa,0,3,12319886,3238000
19,Aston Villa,12,5,59837644,14105000
19,Aston Villa,3,4,30798557,6777000
19,Aston Villa,4,4,46325650,14844500
19,Aston Villa,5,3,27724585,5547500
19,Aston Villa,7,3,34269097,5890000
19,Aston Villa,8,2,22591093,3873500
114,Atalanta,0,3,4905520,1678500
114,Atalanta,10,1,6852338,1576500
114,Atalanta,12,5,28556185,7314000
114,Atalanta,3,6,41258861,7089500
114,Atalanta,4,3,17808516,4835000
114,Atalanta,5,4,20701452,6049500
114,Atalanta,7,2,10674025,2390500
114,Atalanta,8,3,12737155,3078500
114,Atalanta,9,1,3105132,3906500
138,Athletic Club,0,4,8818062,2403500
138,Athletic Club,11,3,46186595,11378500
138,Athletic Club,12,2,22974945,4664500
138,Athletic Club,3,4,20945868,4802500
138,Athletic Club,4,5,30021583,5577000
138,Athletic Club,5,3,26752386,7379000
138,Athletic Club,7,2,15183659,2315000
138,Athletic Club,8,3,41533673,8864500
25,Bayer Leverkusen,0,3,11364533,3456500
25,Bayer Leverkusen,11,1,19462198,4987500
25,Bayer Leverkusen,12,3,28627982,3390000
25,Bayer Leverkusen,3,5,37013487,8092000
25,Bayer Leverkusen,4,5,41805464,8788000
25,Bayer Leverkusen,5,3,37568742,9389500
25,Bayer Leverkusen,8,2,18263909,8102000
25,Bayer Leverkusen,9,4,55348317,13065000
5,Bayern München,0,3,8705640,1790500
5,Bayern München,11,3,51616488,11479000
5,Bayern München,12,4,50839144,15407500
5,Bayern München,3,4,46213990,8913000
5,Bayern München,4,4,37233539,7342000
5,Bayern München,5,2,17244575,2820000
5,Bayern München,7,3,45114922,14189000
5,Bayern München,8,2,26404513,5446500
5,Bayern München,9,4,93817707,21785000
70,Benfica,0,3,10375961,2968500
70,Benfica,10,1,19744747,5561500
70,Benfica,11,1,0,3561500
70,Benfica,12,6,80191918,20926000
70,Benfica,3,4,32423531,7525000
70,Benfica,4,4,35720564,5388000
70,Benfica,5,3,25733288,7148500
70,Benfica,7,2,15274645,2922000
70,Benfica,8,4,48837784,10623000
70,Benfica,9,3,26791619,7111500
104,Besiktas,0,3,7776613,2392500
104,Besiktas,12,5,45847153,7790500
104,Besiktas,3,4,24526737,6233000
104,Besiktas,4,5,35292362,6553000
104,Besiktas,5,3,19167804,7319500
104,Besiktas,8,3,24832511,3740000
104,Besiktas,9,3,38989056,8656000
58,Birmingham City,0,3,9016447,2177500
58,Birmingham City,12,4,70472220,10465500
58,Birmingham City,3,4,19543399,7349500
58,Birmingham City,4,4,23744088,4182500
58,Birmingham City,5,1,6696442,2039500
58,Birmingham City,7,4,22931916,4123000
58,Birmingham City,8,4,33605053,6842000
58,Birmingham City,9,1,21537725,4717500
78,Blackburn Rovers,0,6,19174472,7920000
78,Blackburn Rovers,12,6,62436227,15278500
78,Blackburn Rovers,3,7,31518890,11287000
78,Blackburn Rovers,4,5,29938712,5673000
78,Blackburn Rovers,5,4,16111700,7920500
78,Blackburn Rovers,8,4,48773939,9109000
78,Blackburn Rovers,9,1,14889725,3664500
56,Bolton Wanderers,0,4,9497840,3041500
56,Bolton Wanderers,10,1,3824628,3342500
56,Bolton Wanderers,11,1,37910396,7468000
56,Bolton Wanderers,12,4,45425861,13101000
56,Bolton Wanderers,3,5,31978314,6113500
56,Bolton Wanderers,4,5,35337567,8293000
56,Bolton Wanderers,5,3,20222063,4307500
56,Bolton Wanderers,7,4,27594169,10753500
66,Borussia Dortmund,0,4,9151310,3409500
66,Borussia Dortmund,11,1,14694673,3084500
66,Borussia Dortmund,12,4,41913695,7843500
66,Borussia Dortmund,3,5,35373665,8048000
66,Borussia Dortmund,4,4,32651786,4863500
66,Borussia Dortmund,5,1,10625944,2339000
66,Borussia Dortmund,7,2,27697371,5127500
66,Borussia Dortmund,8,3,43054264,7966500
66,Borussia Dortmund,9,2,38052848,7160500
11,Borussia M.,0,3,5920760,2901500
11,Borussia M.,10,1,7496906,1119500
11,Borussia M.,12,5,54735296,14261500
11,Borussia M.,3,3,15197566,3751000
11,Borussia M.,4,6,44716852,7586000
11,Borussia M.,5,1,6178158,1186500
11,Borussia M.,7,3,29781554,5737500
11,Borussia M.,8,5,50397605,7784500
11,Borussia M.,9,1,19245032,3982000
20,C. Atlético Madrid,0,4,12067647,2727000
20,C. Atlético Madrid,10,2,40673441,10362000
20,C. Atlético Madrid,12,5,105596825,16820500
20,C. Atlético Madrid,3,4,37399280,7721000
20,C. Atlético Madrid,4,4,37640180,8906000
20,C. Atlético Madrid,5,3,20923166,6696000
20,C. Atlético Madrid,8,4,42024735,7171500
20,C. Atlético Madrid,9,2,16264387,2139000
123,C. Gimnastic,0,3,4202691,1501500
123,C. Gimnastic,12,4,28251070,7168500
123,C. Gimnastic,3,4,15967233,3970500
123,C. Gimnastic,4,5,23306263,5436500
123,C. Gimnastic,5,5,13494762,3831000
123,C. Gimnastic,8,3,16620943,5080500
123,C. Gimnastic,9,1,3839812,998000
97,C.A. Osasuna,0,3,3054639,1654500
97,C.A. Osasuna,11,1,9336679,1919000
97,C.A. Osasuna,12,4,33533361,9327500
97,C.A. Osasuna,3,5,32690418,7818000
97,C.A. Osasuna,4,5,29223128,5131500
97,C.A. Osasuna,5,2,8701829,2822000
97,C.A. Osasuna,8,6,33809040,7371500
97,C.A. Osasuna,9,2,26845882,4869500
117,CS Sedan,0,3,4377501,1936000
117,CS Sedan,10,2,18005305,3222500
117,CS Sedan,11,1,6358816,1426500
117,CS Sedan,12,3,15448487,4379500
117,CS Sedan,3,5,27528450,5181500
117,CS Sedan,4,4,16709951,4034500
117,CS Sedan,5,3,16168181,3515500
117,CS Sedan,8,3,12602073,3342500
117,CS Sedan,9,2,7687899,2936000
34,CSKA Moskva,0,3,1491436,12971500
34,CSKA Moskva,10,1,0,4446500
34,CSKA Moskva,11,1,6737958,12349500
34,CSKA Moskva,12,5,21205237,18573000
34,CSKA Moskva,3,4,22057812,11864000
34,CSKA Moskva,4,3,13422834,9448000
34,CSKA Moskva,7,3,20824707,14618500
34,CSKA Moskva,8,3,20494383,10572500
126,Cagliari,0,4,7984561,2626000
126,Cagliari,10,3,29970032,7118000
126,Cagliari,11,1,8416720,2092500
126,Cagliari,12,2,17990329,4657000
126,Cagliari,3,4,16962767,4726500
126,Cagliari,4,4,24623740,4504500
126,Cagliari,5,3,20667087,4489000
126,Cagliari,7,3,13190136,2738500
126,Cagliari,9,1,2139775,2105500
42,Catania,0,3,4344738,1373000
42,Catania,11,1,5495334,1560000
42,Catania,12,4,23056871,7160500
42,Catania,3,4,14312664,5442500
42,Catania,4,4,16223626,4692500
42,Catania,7,6,27528785,9697500
42,Catania,8,1,9648000,2884500
42,Catania,9,2,13001048,2812500
46,Celtic,0,3,12891189,2310000
46,Celtic,10,1,7709839,1639500
46,Celtic,11,1,5376490,2577000
46,Celtic,12,4,47208857,9988500
46,Celtic,3,4,29655331,5178000
46,Celtic,4,5,28245076,7389500
46,Celtic,5,1,695700,2016500
46,Celtic,7,3,43313896,12098000
46,Celtic,8,2,38917842,5116000
46,Celtic,9,2,25796241,8045500
48,Charlton Athletic,0,4,16609601,3191000
48,Charlton Athletic,10,2,29313108,6537000
48,Charlton Athletic,12,4,55669122,11310000
48,Charlton Athletic,3,4,22310478,6171000
48,Charlton Athletic,4,3,13116726,3749500
48,Charlton Athletic,5,2,11061208,2990000
48,Charlton Athletic,7,2,13422838,8315000
48,Charlton Athletic,8,3,24605515,4285500
48,Charlton Athletic,9,2,29791646,6031000
35,Chelsea,0,3,43293139,9050500
35,Chelsea,10,1,10718210,795500
35,Chelsea,11,2,87305782,25957500
35,Chelsea,12,2,43818640,5480000
35,Chelsea,3,5,113998391,26812000
35,Chelsea,4,4,72862478,15751000
35,Chelsea,7,4,111940156,29237500
35,Chelsea,8,2,44958715,11074500
35,Chelsea,9,2,107628748,29863000
87,Chievo Verona,0,4,5724107,2659500
87,Chievo Verona,11,1,15860960,4585500
87,Chievo Verona,12,5,58634613,10544000
87,Chievo Verona,3,5,27284613,8109000
87,Chievo Verona,4,4,19624794,5847500
87,Chievo Verona,5,1,10229224,1423000
87,Chievo Verona,7,5,24564217,8305500
87,Chievo Verona,8,4,31851762,9805000
87,Chievo Verona,9,1,1065021,3885000
4,Club Brugge,0,3,8028692,1468500
4,Club Brugge,12,5,51309584,10889500
4,Club Brugge,3,8,45006209,8190000
4,Club Brugge,4,3,14199389,4213500
4,Club Brugge,5,3,16302611,2896000
4,Club Brugge,6,1,10038746,2268000
4,Club Brugge,7,2,23026755,5023000
4,Club Brugge,8,4,38893486,9115500
4,Club Brugge,9,1,4535848,1278000
113,D.S. Arminia Bielefeld,0,3,5049364,1975500
113,D.S. Arminia Bielefeld,11,1,12045374,6101500
113,D.S. Arminia Bielefeld,12,3,32504927,6626000
113,D.S. Arminia Bielefeld,3,7,31044062,8416000
113,D.S. Arminia Bielefeld,4,4,19918050,6500500
113,D.S. Arminia Bielefeld,5,3,11730172,3206500
113,D.S. Arminia Bielefeld,8,5,45017081,10341500
113,D.S. Arminia Bielefeld,9,1,8866880,1521000
57,Djurgardens IF,0,3,9040687,1931000
57,Djurgardens IF,10,4,31502735,4952500
57,Djurgardens IF,12,3,24065318,4582000
57,Djurgardens IF,3,4,12729511,4095500
57,Djurgardens IF,4,5,20135066,4906000
57,Djurgardens IF,5,2,14594586,2802500
57,Djurgardens IF,7,1,4416463,1019500
57,Djurgardens IF,8,2,8802517,2097000
57,Djurgardens IF,9,2,16482166,3108000
85,Dynamo Kiev,0,3,3669274,2433500
85,Dynamo Kiev,11,2,19440398,6559500
85,Dynamo Kiev,12,5,47421872,9905500
85,Dynamo Kiev,3,6,37418841,11854500
85,Dynamo Kiev,4,5,37115049,7964000
85,Dynamo Kiev,5,2,20790734,2680500
85,Dynamo Kiev,8,5,44257616,7768500
85,Dynamo Kiev,9,3,31219920,12408000
106,ES Troyes AC,0,4,6872306,2256500
106,ES Troyes AC,11,1,1193456,1275500
106,ES Troyes AC,12,5,35038455,7635000
106,ES Troyes AC,3,5,19034733,5287000
106,ES Troyes AC,4,5,23935609,5978000
106,ES Troyes AC,5,2,20543773,2787000
106,ES Troyes AC,8,3,21024058,4980000
106,ES Troyes AC,9,4,22728287,8226000
68,Eintracht Frankfurt,0,5,8582194,3964500
68,Eintracht Frankfurt,10,1,7373797,2032500
68,Eintracht Frankfurt,11,1,6612000,2452000
68,Eintracht Frankfurt,12,4,51224010,13433000
68,Eintracht Frankfurt,3,5,27334305,5634500
68,Eintracht Frankfurt,4,5,32107647,7021500
68,Eintracht Frankfurt,5,2,10902300,2656500
68,Eintracht Frankfurt,8,3,30431386,4970500
68,Eintracht Frankfurt,9,3,25761751,7781500
65,Empoli,0,4,10323045,2827000
65,Empoli,12,6,44102487,10782500
65,Empoli,3,6,27648281,8806500
65,Empoli,4,3,12324424,3577500
65,Empoli,5,1,1112328,1385500
65,Empoli,7,4,28478212,5651000
65,Empoli,8,2,12054266,2591000
65,Empoli,9,2,17711606,4011500
90,Everton,0,4,14984556,3767000
90,Everton,10,1,21579195,6895000
90,Everton,11,1,13239189,1929500
90,Everton,12,4,58292322,11655000
90,Everton,3,5,29476228,8574000
90,Everton,4,5,25325494,7382500
90,Everton,5,1,5325000,1520000
90,Everton,7,2,11864098,3598500
90,Everton,8,1,12776386,3521500
90,Everton,9,1,9455486,1891500
61,F.C. Barcelona,0,3,13201935,3532000
61,F.C. Barcelona,10,1,0,6237500
61,F.C. Barcelona,11,6,282715649,82824000
61,F.C. Barcelona,12,3,106518820,34741000
61,F.C. Barcelona,3,5,116370574,71545500
61,F.C. Barcelona,4,3,58590631,12050000
61,F.C. Barcelona,5,1,44877130,10229000
61,F.C. Barcelona,7,1,52338171,14898500
61,F.C. Barcelona,8,4,16022547,26295500
50,F.C. Copenhagen,0,3,5338650,1695000
50,F.C. Copenhagen,10,2,15436144,5580000
50,F.C. Copenhagen,12,3,24737520,5984000
50,F.C. Copenhagen,3,5,26933814,6858500
50,F.C. Copenhagen,4,4,23767081,3753000
50,F.C. Copenhagen,5,2,12483714,2442000
50,F.C. Copenhagen,7,2,15316547,3164000
50,F.C. Copenhagen,8,2,12891498,2513500
50,F.C. Copenhagen,9,2,18120995,3353500
140,F.C. Energie Cottbus,0,4,10890677,3506000
140,F.C. Energie Cottbus,11,1,4716197,1198000
140,F.C. Energie Cottbus,12,4,16365118,3746500
140,F.C. Energie Cottbus,3,4,18103070,6165000
140,F.C. Energie Cottbus,4,4,21581974,4304000
140,F.C. Energie Cottbus,5,2,9723124,2733000
140,F.C. Energie Cottbus,8,3,18892494,4373000
140,F.C. Energie Cottbus,9,4,34815677,6346500
39,F.C. Nurnberg,0,2,7984663,1489500
39,F.C. Nurnberg,10,2,17232345,2199000
39,F.C. Nurnberg,11,1,13977615,2266500
39,F.C. Nurnberg,12,4,21182080,8245500
39,F.C. Nurnberg,3,7,40914207,7849500
39,F.C. Nurnberg,4,2,12473184,3030000
39,F.C. Nurnberg,5,2,13380529,2908500
39,F.C. Nurnberg,7,2,18306115,4186000
39,F.C. Nurnberg,8,2,13572459,6214000
39,F.C. Nurnberg,9,2,18653832,5632000
110,F.S.V. Mainz 05,0,3,5066563,1953000
110,F.S.V. Mainz 05,11,1,16461896,3838000
110,F.S.V. Mainz 05,12,5,44140461,8251000
110,F.S.V. Mainz 05,3,4,27388827,4534000
110,F.S.V. Mainz 05,4,4,23431112,4798000
110,F.S.V. Mainz 05,5,1,2511548,1422500
110,F.S.V. Mainz 05,7,1,7468186,771000
110,F.S.V. Mainz 05,8,5,37122653,8076500
110,F.S.V. Mainz 05,9,2,17989170,5325500
135,FC Groningen,0,3,5209096,1882500
135,FC Groningen,12,4,26868431,5086500
135,FC Groningen,3,4,25921712,3612500
135,FC Groningen,4,6,30217451,6328500
135,FC Groningen,5,2,15913126,3171000
135,FC Groningen,7,2,13582286,2513000
135,FC Groningen,8,4,30073720,10720000
135,FC Groningen,9,1,14096962,3261000
116,FC Lorient,0,3,7418444,1648000
116,FC Lorient,10,4,23205600,7627000
116,FC Lorient,12,4,27820909,6619000
116,FC Lorient,3,5,28857017,4871500
116,FC Lorient,4,5,24814162,5184500
116,FC Lorient,5,2,9843792,1719000
116,FC Lorient,7,3,18843167,4630500
116,FC Lorient,8,1,8332803,2041500
116,FC Lorient,9,2,4535049,4327500
60,FC Nantes-Atlantique,0,2,5751929,1657500
60,FC Nantes-Atlantique,11,1,8472000,3001000
60,FC Nantes-Atlantique,12,5,56407959,8934500
60,FC Nantes-Atlantique,3,4,27864629,5139500
60,FC Nantes-Atlantique,4,4,21701780,4359500
60,FC Nantes-Atlantique,5,2,19840520,2220000
60,FC Nantes-Atlantique,7,2,19055318,2640000
60,FC Nantes-Atlantique,8,4,60712179,13132000
60,FC Nantes-Atlantique,9,5,52006374,11625000
91,FC Porto,0,2,6500035,1618500
91,FC Porto,10,3,46057951,9371000
91,FC Porto,11,1,8682000,2986000
91,FC Porto,12,5,52533454,11357000
91,FC Porto,3,6,41130798,9615500
91,FC Porto,4,4,35310568,6748500
91,FC Porto,5,1,7593672,2220500
91,FC Porto,7,1,14695509,1885500
91,FC Porto,8,2,18875550,3808000
91,FC Porto,9,2,53757590,6110000
134,FC Sochaux,0,3,8341524,2192000
134,FC Sochaux,12,5,38600207,5630000
134,FC Sochaux,3,1,3931759,1171500
134,FC Sochaux,4,7,37169029,7982000
134,FC Sochaux,5,3,14664813,3752000
134,FC Sochaux,7,1,3991500,1358500
134,FC Sochaux,8,4,23192361,7987000
134,FC Sochaux,9,4,47380608,8561000
127,FC Twente,0,3,6460498,1876500
127,FC Twente,10,6,43315839,9350500
127,FC Twente,12,2,11480349,3668500
127,FC Twente,3,4,24229228,5185500
127,FC Twente,4,4,15743748,4039500
127,FC Twente,7,5,33204075,6043500
127,FC Twente,8,1,7855185,1056500
127,FC Twente,9,1,9364527,1482500
17,FC Utrecht,0,2,5206730,779500
17,FC Utrecht,10,1,8964239,982000
17,FC Utrecht,11,1,13235216,4229500
17,FC Utrecht,12,5,49808024,11563000
17,FC Utrecht,3,5,38347585,9558000
17,FC Utrecht,4,5,31686177,5652500
17,FC Utrecht,7,1,6407710,1491500
17,FC Utrecht,8,3,16942395,4599000
17,FC Utrecht,9,1,9305769,1126500
96,Fenerbahçe,0,2,6302231,1405500
96,Fenerbahçe,12,5,72068013,18313500
96,Fenerbahçe,2,2,24855364,5636000
96,Fenerbahçe,3,3,21540445,4494000
96,Fenerbahçe,4,4,27120359,6078000
96,Fenerbahçe,5,2,17569263,2880500
96,Fenerbahçe,7,1,4784825,1784000
96,Fenerbahçe,8,5,34863195,5910000
96,Fenerbahçe,9,2,20047798,9002500
15,Feyenoord,0,3,3728994,2696500
15,Feyenoord,10,5,49229558,9351500
15,Feyenoord,12,3,22826884,10496500
15,Feyenoord,3,4,33486355,4719000
15,Feyenoord,4,5,29636446,5448000
15,Feyenoord,5,1,1180332,1517000
15,Feyenoord,7,3,46074234,6073000
15,Feyenoord,8,2,15954940,2619500
37,Fiorentina,0,2,6557640,2308000
37,Fiorentina,11,4,68885723,17066500
37,Fiorentina,12,3,31317841,7651000
37,Fiorentina,3,5,38841345,10208000
37,Fiorentina,4,2,17408935,1578000
37,Fiorentina,5,3,30659157,7240000
37,Fiorentina,7,2,11687022,2049000
37,Fiorentina,9,2,25487536,7836000
45,Fulham,0,3,6273081,5970500
45,Fulham,10,2,43809537,9069500
45,Fulham,11,1,9970062,969500
45,Fulham,12,4,38173374,8720000
45,Fulham,3,4,17450825,5986500
45,Fulham,4,5,38299836,8484500
45,Fulham,7,6,38855889,12788000
45,Fulham,9,1,15202500,5207500
30,Galatasaray,0,4,10757620,4020000
30,Galatasaray,11,1,15534721,5798500
30,Galatasaray,12,4,31052784,6752000
30,Galatasaray,3,4,14944901,6227500
30,Galatasaray,4,4,37206409,5473500
30,Galatasaray,5,3,16794129,4512000
30,Galatasaray,7,2,12621901,2204000
30,Galatasaray,8,4,32572098,7324000
30,Galatasaray,9,4,39502615,9213000
93,Getafe C.F.,0,3,6108674,3457500
93,Getafe C.F.,12,4,21284663,6220500
93,Getafe C.F.,3,4,12998464,4412000
93,Getafe C.F.,4,4,19958475,5161000
93,Getafe C.F.,5,3,14959641,4790500
93,Getafe C.F.,8,4,16074630,5052000
93,Getafe C.F.,9,2,19144050,3439500
111,Girondins de Bordeaux,0,3,6709500,1992000
111,Girondins de Bordeaux,12,5,36124959,10120500
111,Girondins de Bordeaux,3,5,36698092,5844000
111,Girondins de Bordeaux,4,3,11718042,2843000
111,Girondins de Bordeaux,5,3,28542448,4640500
111,Girondins de Bordeaux,7,1,7416311,962000
111,Girondins de Bordeaux,8,4,38569190,10619000
111,Girondins de Bordeaux,9,2,17030344,7304500
13,Hamburger S.V.,0,3,10636735,2356500
13,Hamburger S.V.,12,7,81353352,13165000
13,Hamburger S.V.,2,1,21749813,2617000
13,Hamburger S.V.,3,2,10595031,2989500
13,Hamburger S.V.,4,5,54520494,16009000
13,Hamburger S.V.,5,4,45300555,7389000
13,Hamburger S.V.,8,2,15655765,3669500
13,Hamburger S.V.,9,5,146826130,21823500
18,Hannover 96,0,3,7131166,1823500
18,Hannover 96,12,6,42768360,10756500
18,Hannover 96,3,4,18840743,4855000
18,Hannover 96,4,5,28261801,9130000
18,Hannover 96,5,4,28283252,5718000
18,Hannover 96,6,1,10904574,1721000
18,Hannover 96,7,1,4246500,1267000
18,Hannover 96,8,2,13409472,2799000
18,Hannover 96,9,2,16426221,3747000
131,Heracles Almelo,0,3,6160465,1271500
131,Heracles Almelo,10,4,26529384,4992500
131,Heracles Almelo,12,3,16520814,2610000
131,Heracles Almelo,3,4,18252825,3827000
131,Heracles Almelo,4,5,34080921,6257000
131,Heracles Almelo,5,2,3722292,2076500
131,Heracles Almelo,8,4,26681705,7196000
23,Hertha Berliner S.C.,0,3,10542871,2097500
23,Hertha Berliner S.C.,12,5,38207585,8499500
23,Hertha Berliner S.C.,3,5,37740111,9244500
23,Hertha Berliner S.C.,4,4,31520030,4759500
23,Hertha Berliner S.C.,5,2,10091480,2755500
23,Hertha Berliner S.C.,8,5,46474386,9445000
23,Hertha Berliner S.C.,9,2,44013320,8201500
63,Inter,0,2,11025152,9012500
63,Inter,10,1,0,3094000
63,Inter,12,5,210692841,67842500
63,Inter,3,5,79889624,29988000
63,Inter,4,3,26910997,13592500
63,Inter,5,1,24480048,7133500
63,Inter,7,1,20185301,9009500
63,Inter,8,4,77360517,27774000
63,Inter,9,2,40094516,12309500
41,Juventus,0,4,58602274,19489500
41,Juventus,11,2,27940048,15836000
41,Juventus,12,3,102381149,24869000
41,Juventus,3,6,74224347,29689000
41,Juventus,4,2,24983725,10632500
41,Juventus,5,1,14683302,5405500
41,Juventus,7,3,29581317,6636000
41,Juventus,8,3,39549280,17361000
41,Juventus,9,1,8384497,16540500
80,Lazio,0,3,4754111,8483500
80,Lazio,12,5,58354125,15606000
80,Lazio,3,3,15523788,5224500
80,Lazio,4,5,23698524,6301500
80,Lazio,5,3,26088809,5816500
80,Lazio,7,2,14114900,3318500
80,Lazio,8,4,25429083,7067500
80,Lazio,9,1,10873803,2388500
107,Le Mans UC 72,0,3,12370886,2170500
107,Le Mans UC 72,12,5,48240095,7804500
107,Le Mans UC 72,3,5,30756571,4780500
107,Le Mans UC 72,4,4,19924899,4517000
107,Le Mans UC 72,7,2,18521101,2290000
107,Le Mans UC 72,8,3,19424936,3596500
107,Le Mans UC 72,9,3,35073679,6843500
75,Levante U.D.,0,3,2457279,3455000
75,Levante U.D.,10,1,9768476,2370000
75,Levante U.D.,11,1,17215878,5023000
75,Levante U.D.,12,2,5436849,2274500
75,Levante U.D.,3,4,14193149,7538000
75,Levante U.D.,4,4,14845907,7054000
75,Levante U.D.,5,4,17564174,5677000
75,Levante U.D.,7,2,11431214,5150500
75,Levante U.D.,8,3,25081821,6563500
75,Levante U.D.,9,1,8127488,1522000
103,Lille OSC,0,5,10661566,4123500
103,Lille OSC,10,1,7976373,1069500
103,Lille OSC,11,2,20469119,3941000
103,Lille OSC,12,5,47791506,7535000
103,Lille OSC,3,6,30328169,6762500
103,Lille OSC,4,4,25032224,5686000
103,Lille OSC,5,4,42238064,7661500
103,Lille OSC,9,2,13067775,9918000
44,Liverpool,0,2,9355456,1774000
44,Liverpool,10,1,9355926,1490000
44,Liverpool,11,2,46687975,12155500
44,Liverpool,12,4,51124137,15047000
44,Liverpool,3,4,41976157,7222500
44,Liverpool,4,5,35576636,8519000
44,Liverpool,5,2,24975333,5852500
44,Liverpool,7,4,133037815,35821000
44,Liverpool,8,4,63766990,11962000
81,Livorno,0,4,15508696,2907500
81,Livorno,12,3,22281744,5608000
81,Livorno,3,8,23035478,12571000
81,Livorno,4,2,12199867,3176000
81,Livorno,5,2,19050450,4620500
81,Livorno,6,3,14590377,7977000
81,Livorno,7,3,14434200,6432000
81,Livorno,8,2,6767326,6584000
81,Livorno,9,1,19035273,4394000
74,Manchester City,0,2,3852606,5941500
74,Manchester City,10,2,0,5406500
74,Manchester City,12,5,25098410,17957500
74,Manchester City,3,5,34204191,12994500
74,Manchester City,4,4,36002900,12146000
74,Manchester City,5,4,28816905,17772000
74,Manchester City,8,1,21804228,4069500
74,Manchester City,9,2,937148,6854500
33,Manchester United,0,4,9546899,12202000
33,Manchester United,10,1,146986343,21136000
33,Manchester United,11,1,155495209,24500500
33,Manchester United,12,5,129569738,33009500
33,Manchester United,3,4,90710594,28258500
33,Manchester United,4,2,27036030,18589500
33,Manchester United,5,2,9275627,12250500
33,Manchester United,7,3,50275630,24128000
33,Manchester United,8,1,31485020,6664000
33,Manchester United,9,1,0,2055500
24,Messina,0,3,8246931,2411500
24,Messina,10,1,16732525,4872500
24,Messina,12,5,34562372,10789500
24,Messina,3,5,23286056,6466000
24,Messina,4,3,22663580,4743500
24,Messina,5,2,10191728,2887000
24,Messina,6,1,10911781,3219000
24,Messina,7,2,8482044,1729500
24,Messina,8,1,7130545,793500
24,Messina,9,4,19231307,8385000
3,Middlesbrough,0,3,7654654,2656500
3,Middlesbrough,12,6,65638755,19140000
3,Middlesbrough,3,8,55583557,11125000
3,Middlesbrough,4,4,30161412,4081500
3,Middlesbrough,5,2,20187121,5964000
3,Middlesbrough,7,3,36875998,5187500
3,Middlesbrough,8,5,53455640,11114500
124,N.E.C. Nijmegen,0,3,6877572,2264500
124,N.E.C. Nijmegen,10,2,14919882,2075500
124,N.E.C. Nijmegen,12,4,28407338,6999500
124,N.E.C. Nijmegen,3,4,16840345,3668500
124,N.E.C. Nijmegen,4,4,27116067,4438000
124,N.E.C. Nijmegen,5,2,14658171,1892500
124,N.E.C. Nijmegen,7,2,22708230,3015500
124,N.E.C. Nijmegen,8,2,19654629,2451000
124,N.E.C. Nijmegen,9,2,18609502,3031000
136,NAC Breda,0,4,6209481,3340500
136,NAC Breda,10,4,45331005,8555500
136,NAC Breda,12,3,18528623,2901000
136,NAC Breda,3,4,18584988,4089500
136,NAC Breda,4,4,25804999,5734000
136,NAC Breda,5,2,8080021,2836000
136,NAC Breda,7,3,14896228,3529500
136,NAC Breda,8,2,11737465,1345500
128,Napoli,0,3,4665702,1380500
128,Napoli,10,1,18005988,4238000
128,Napoli,12,5,41740768,8949500
128,Napoli,3,5,29756757,7985000
128,Napoli,4,4,21464176,4349000
128,Napoli,5,3,20355223,4192500
128,Napoli,7,2,12163319,3395000
128,Napoli,8,2,4390925,1814500
128,Napoli,9,1,8281975,2643000
55,Newcastle United,0,2,14839595,7675000
55,Newcastle United,10,1,39865087,9239500
55,Newcastle United,12,5,179329032,38866000
55,Newcastle United,3,4,52500537,13567500
55,Newcastle United,4,2,16033321,5268000
55,Newcastle United,7,3,28356676,13071000
55,Newcastle United,8,4,28536301,13098500
55,Newcastle United,9,2,95464586,43980500
141,No Club,0,365,0,290970500
141,No Club,10,38,0,293015500
141,No Club,11,38,0,358481500
141,No Club,12,331,1750216,1027231500
141,No Club,13,2,0,430500
141,No Club,2,18,0,285237500
141,No Club,3,176,0,390647000
141,No Club,4,133,1490807,203990000
141,No Club,5,121,0,284747000
141,No Club,6,6,0,36046000
141,No Club,7,61,0,141830500
141,No Club,8,88,0,175006500
141,No Club,9,107,0,780724000
108,OGC Nice,0,3,12196427,2742500
108,OGC Nice,11,1,13376376,2983000
108,OGC Nice,12,7,74691041,12796000
108,OGC Nice,3,4,23453431,5151000
108,OGC Nice,4,4,22603388,4012500
108,OGC Nice,5,2,5381824,1873500
108,OGC Nice,7,2,16424807,2977500
108,OGC Nice,8,3,37724424,7357500
28,Olympiacos Piraeus,0,3,4591118,2337500
28,Olympiacos Piraeus,10,2,23220505,4691500
28,Olympiacos Piraeus,11,2,36091853,6006000
28,Olympiacos Piraeus,12,4,28784369,7428500
28,Olympiacos Piraeus,3,5,18354254,9154000
28,Olympiacos Piraeus,4,5,17254005,8113500
28,Olympiacos Piraeus,5,2,10446781,3812500
28,Olympiacos Piraeus,7,1,7938533,2237000
28,Olympiacos Piraeus,8,1,2511791,5153500
28,Olympiacos Piraeus,9,4,31579139,4249000
62,Olympique Lyonnais,0,2,7953924,3297000
62,Olympique Lyonnais,11,1,15718067,1506500
62,Olympique Lyonnais,12,4,0,27588500
62,Olympique Lyonnais,3,6,44011432,17089000
62,Olympique Lyonnais,4,1,15938057,2010000
62,Olympique Lyonnais,5,1,20441935,2999000
62,Olympique Lyonnais,7,2,8116500,7723500
62,Olympique Lyonnais,9,3,0,24886500
64,Olympique de Marseille,0,4,10082175,2956000
64,Olympique de Marseille,11,1,18731615,3307000
64,Olympique de Marseille,12,3,20162493,7281000
64,Olympique de Marseille,3,5,28052030,4491000
64,Olympique de Marseille,4,4,39491909,6750000
64,Olympique de Marseille,5,5,25995835,8984000
64,Olympique de Marseille,7,2,24886552,4482500
64,Olympique de Marseille,8,2,44515636,6822000
64,Olympique de Marseille,9,4,73170884,13896500
8,PSV Eindhoven,0,2,11266182,2503500
8,PSV Eindhoven,10,2,89402322,13908500
8,PSV Eindhoven,11,3,72616345,13655000
8,PSV Eindhoven,12,1,15813000,5602000
8,PSV Eindhoven,3,4,44963010,16744000
8,PSV Eindhoven,4,4,38279582,6441500
8,PSV Eindhoven,5,1,2377202,2237500
8,PSV Eindhoven,7,1,20799033,3838000
8,PSV Eindhoven,8,4,55806872,25168000
8,PSV Eindhoven,9,2,34161324,8449500
82,Palermo,0,3,10751203,1878000
82,Palermo,11,3,41236343,12154500
82,Palermo,12,2,31807132,4196500
82,Palermo,3,2,18435516,4317500
82,Palermo,4,4,24575702,4228000
82,Palermo,5,2,20645840,5112000
82,Palermo,7,3,22634692,4558000
82,Palermo,8,3,34513177,8032000
32,Panathinaikos,0,3,6746462,1666500
32,Panathinaikos,10,1,13175028,4632000
32,Panathinaikos,12,3,21774361,4525000
32,Panathinaikos,3,6,32330775,7993000
32,Panathinaikos,4,4,22878799,5764500
32,Panathinaikos,5,5,34343242,7983000
32,Panathinaikos,7,1,224048,1138500
32,Panathinaikos,8,1,10270171,5387000
32,Panathinaikos,9,6,51260290,12226000
36,Paris Saint-Germain,0,3,15858485,4959500
36,Paris Saint-Germain,10,2,15879691,2842500
36,Paris Saint-Germain,11,2,22621891,6903500
36,Paris Saint-Germain,12,3,27767817,3858500
36,Paris Saint-Germain,3,3,18236244,4116000
36,Paris Saint-Germain,4,4,35883467,8474500
36,Paris Saint-Germain,5,3,16032409,4316500
36,Paris Saint-Germain,7,3,22018566,2788000
36,Paris Saint-Germain,8,2,20991928,4499000
36,Paris Saint-Germain,9,3,36189754,10784500
99,Parma,0,3,5142720,1988500
99,Parma,10,1,8052098,1577000
99,Parma,12,5,40117770,8381500
99,Parma,3,5,25778330,7116500
99,Parma,4,4,19847918,5459500
99,Parma,5,5,42951663,7782000
99,Parma,8,3,19034176,3873000
99,Parma,9,2,26566907,9324500
26,Portsmouth,0,4,9474476,4279500
26,Portsmouth,11,2,41878059,12441500
26,Portsmouth,12,2,13808926,6324000
26,Portsmouth,3,4,16266545,5133500
26,Portsmouth,4,4,27383890,4995500
26,Portsmouth,7,2,29559220,5026500
26,Portsmouth,8,3,28058997,7888500
26,Portsmouth,9,2,25235826,3881500
67,R. Betis,0,3,6690340,2565500
67,R. Betis,10,2,59206988,7968000
67,R. Betis,11,2,32418723,5600500
67,R. Betis,12,4,37870541,9305500
67,R. Betis,3,4,20572878,6623500
67,R. Betis,4,6,32377227,8018500
67,R. Betis,5,3,23600157,6753000
67,R. Betis,8,2,17875524,4541000
67,R. Betis,9,2,21275358,6674000
54,R. Madrid,0,3,30229585,5635000
54,R. Madrid,11,3,193267765,32256000
54,R. Madrid,12,2,66397114,28794000
54,R. Madrid,3,2,13321420,2887000
54,R. Madrid,4,5,40048532,5667500
54,R. Madrid,5,3,28034672,8531500
54,R. Madrid,6,1,23322708,5908000
54,R. Madrid,7,2,28138682,8213000
54,R. Madrid,8,1,7906662,1370500
54,R. Madrid,9,2,24073707,7607500
139,R. Racing C.,0,3,7024831,1820500
139,R. Racing C.,11,1,9371919,6479500
139,R. Racing C.,12,5,52124065,8611500
139,R. Racing C.,3,5,26573340,5917000
139,R. Racing C.,4,6,11898751,6204500
139,R. Racing C.,5,3,15878328,3690000
139,R. Racing C.,7,1,8097734,2152000
139,R. Racing C.,8,5,43941454,6663000
139,R. Racing C.,9,1,13590000,5094500
51,R. Sociedad,0,3,8217453,1411500
51,R. Sociedad,12,4,24305246,9099500
51,R. Sociedad,3,4,14740131,4764500
51,R. Sociedad,4,3,17618170,4337000
51,R. Sociedad,5,4,18840496,6383500
51,R. Sociedad,8,5,41145851,9702500
122,R. Valladolid,0,3,6171013,1951500
122,R. Valladolid,11,1,153105,4275500
122,R. Valladolid,12,4,17260843,7308500
122,R. Valladolid,3,5,23778622,6368500
122,R. Valladolid,4,5,16651589,4383000
122,R. Valladolid,5,4,19532168,3707000
122,R. Valladolid,8,4,33913606,5142500
118,R. Zaragoza,0,3,5149962,2560000
118,R. Zaragoza,11,2,80019517,17520000
118,R. Zaragoza,12,1,17451494,5301000
118,R. Zaragoza,3,6,55443231,10719500
118,R. Zaragoza,4,4,17706338,6552000
118,R. Zaragoza,5,4,24672029,6131500
118,R. Zaragoza,9,4,65393853,15575500
92,R.C. Celta,0,5,12829277,3548000
92,R.C. Celta,10,1,23782270,4207000
92,R.C. Celta,11,1,7531707,1567500
92,R.C. Celta,12,2,23390499,5958000
92,R.C. Celta,3,4,32861480,7810500
92,R.C. Celta,4,3,21140718,3413500
92,R.C. Celta,5,3,15879151,4603500
92,R.C. Celta,8,3,17979119,8640000
92,R.C. Celta,9,4,36962921,9623500
119,R.C. Deportivo la Coruña,0,3,10021003,2445000
119,R.C. Deportivo la Coruña,10,2,27313892,3899000
119,R.C. Deportivo la Coruña,12,5,33833496,7474000
119,R.C. Deportivo la Coruña,3,5,39470236,7519000
119,R.C. Deportivo la Coruña,4,4,18139906,5501500
119,R.C. Deportivo la Coruña,5,6,40689800,12530500
119,R.C. Deportivo la Coruña,7,1,5341669,939000
119,R.C. Deportivo la Coruña,8,2,16071093,4492000
119,R.C. Deportivo la Coruña,9,1,5419533,1125500
130,R.C. Recreativo de Huelva,0,3,5641349,1601000
130,R.C. Recreativo de Huelva,11,1,29928618,5177000
130,R.C. Recreativo de Huelva,12,4,27057679,6987500
130,R.C. Recreativo de Huelva,3,4,18950056,5823500
130,R.C. Recreativo de Huelva,4,4,17406268,3736500
130,R.C. Recreativo de Huelva,7,3,8867307,3334000
130,R.C. Recreativo de Huelva,8,4,18352739,3533500
130,R.C. Recreativo de Huelva,9,2,30174352,11712500
105,R.C.D. Espanyol,0,3,14762183,2165000
105,R.C.D. Espanyol,11,1,24678613,5006000
105,R.C.D. Espanyol,12,3,27759043,8672500
105,R.C.D. Espanyol,3,5,29638891,4779500
105,R.C.D. Espanyol,4,5,31624141,8416000
105,R.C.D. Espanyol,5,3,16305011,4300000
105,R.C.D. Espanyol,7,2,29684499,11672000
105,R.C.D. Espanyol,8,4,30261482,7913500
69,R.C.D. Mallorca,0,3,8750380,2055000
69,R.C.D. Mallorca,11,1,17688371,2871500
69,R.C.D. Mallorca,12,3,29493484,7188000
69,R.C.D. Mallorca,3,3,14619852,3920500
69,R.C.D. Mallorca,4,5,28854728,8220500
69,R.C.D. Mallorca,5,2,10018391,3145000
69,R.C.D. Mallorca,8,3,26946222,5303000
69,R.C.D. Mallorca,9,5,67257918,13942500
109,RC Lens,0,3,10974761,2065500
109,RC Lens,10,2,22492935,2055500
109,RC Lens,12,4,45336552,9540500
109,RC Lens,3,4,18994910,5085000
109,RC Lens,4,4,17039578,4937500
109,RC Lens,5,3,19817352,3177000
109,RC Lens,7,2,14126848,2371500
109,RC Lens,8,1,2010302,2689500
109,RC Lens,9,3,29950574,5986500
129,RKC Waalwijk,0,3,3883283,2174500
129,RKC Waalwijk,12,4,21433031,4404000
129,RKC Waalwijk,3,4,16528783,4287500
129,RKC Waalwijk,4,4,22670779,4530500
129,RKC Waalwijk,5,2,7234035,1639500
129,RKC Waalwijk,7,3,8106093,5858500
129,RKC Waalwijk,8,4,34073851,5220000
129,RKC Waalwijk,9,3,12985671,6522500
9,Rangers,0,3,5205170,2974500
9,Rangers,10,1,12933000,4463500
9,Rangers,11,1,16869729,3313000
9,Rangers,12,5,37065129,7868000
9,Rangers,2,1,6075994,1910500
9,Rangers,3,3,23006583,4707000
9,Rangers,4,5,32227864,5426000
9,Rangers,5,1,6074231,887500
9,Rangers,7,2,11494762,2439000
9,Rangers,8,2,18720068,2555000
72,Reading,0,3,6775832,1900500
72,Reading,10,1,4581216,1340500
72,Reading,12,6,60535777,8753500
72,Reading,3,5,24187875,4770000
72,Reading,4,5,33101701,9437000
72,Reading,5,2,6284257,1947000
72,Reading,7,2,16392011,2751000
72,Reading,8,5,31549774,6670000
72,Reading,9,1,6629294,817500
120,Reggina,0,3,10269187,2312000
120,Reggina,12,3,17449834,4347000
120,Reggina,3,6,38606508,6104500
120,Reggina,4,4,25587630,5444000
120,Reggina,5,2,7859750,1987500
120,Reggina,7,3,22142566,3686500
120,Reggina,8,3,32737283,6349500
120,Reggina,9,3,12129260,5899000
137,Roda JC,0,3,7795026,1833000
137,Roda JC,10,2,11170303,2071500
137,Roda JC,12,3,20830884,3673000
137,Roda JC,3,4,18531386,4133000
137,Roda JC,4,4,14229005,4256000
137,Roda JC,5,2,12815142,1734500
137,Roda JC,7,1,4304752,908500
137,Roda JC,8,6,44259988,8258000
137,Roda JC,9,1,19548232,1933500
86,Rosenborg BK,0,4,10172945,3547000
86,Rosenborg BK,10,4,31384508,6341500
86,Rosenborg BK,12,2,14416119,3857000
86,Rosenborg BK,3,5,16952366,6896000
86,Rosenborg BK,4,4,13994913,5202000
86,Rosenborg BK,7,5,26821299,7262500
86,Rosenborg BK,8,1,2723605,1707500
86,Rosenborg BK,9,1,9840050,800500
121,SBV Excelsior,0,2,0,3415500
121,SBV Excelsior,10,2,5236873,4748000
121,SBV Excelsior,11,1,0,2271500
121,SBV Excelsior,12,3,15157924,12754500
121,SBV Excelsior,3,4,4635543,5677500
121,SBV Excelsior,4,4,15287003,7876500
121,SBV Excelsior,5,2,0,4160500
121,SBV Excelsior,9,3,1301718,8926500
12,SC Heerenveen,0,3,8563947,1575500
12,SC Heerenveen,10,4,40934319,7270500
12,SC Heerenveen,12,4,39609205,4967000
12,SC Heerenveen,3,5,29856946,6474500
12,SC Heerenveen,4,4,31119582,3776000
12,SC Heerenveen,5,2,14740120,2476500
12,SC Heerenveen,7,5,26299566,6087000
12,SC Heerenveen,8,1,8669709,1449000
125,Sampdoria,0,3,5926633,2534000
125,Sampdoria,12,5,44328854,13676000
125,Sampdoria,3,5,25442653,8170500
125,Sampdoria,4,4,27395443,5836000
125,Sampdoria,5,2,11100086,2382500
125,Sampdoria,7,2,8607183,5564500
125,Sampdoria,8,4,24447453,4660000
125,Sampdoria,9,1,21168729,3241000
52,Schalke 04,0,2,13769413,1410500
52,Schalke 04,10,1,17767876,3169000
52,Schalke 04,11,2,18760375,8114000
52,Schalke 04,12,3,37197739,7436500
52,Schalke 04,3,3,21211767,9522500
52,Schalke 04,4,4,31383720,6182000
52,Schalke 04,5,2,23774603,3763000
52,Schalke 04,7,1,9879909,3173500
52,Schalke 04,8,3,22387808,5154500
52,Schalke 04,9,3,59177121,11365500
47,Sevilla F.C.,0,3,4916345,1608500
47,Sevilla F.C.,12,6,82737348,17363000
47,Sevilla F.C.,3,4,25252589,9703000
47,Sevilla F.C.,4,4,35706155,7876500
47,Sevilla F.C.,5,3,22815952,7470500
47,Sevilla F.C.,7,1,14753591,4373500
47,Sevilla F.C.,8,5,57889171,13526000
47,Sevilla F.C.,9,1,35697655,8448000
21,Shakhtar Donetsk,0,4,9039806,3355500
21,Shakhtar Donetsk,12,5,67775078,12625000
21,Shakhtar Donetsk,3,4,28030149,5192000
21,Shakhtar Donetsk,4,4,32613721,6704500
21,Shakhtar Donetsk,5,3,21710933,5916000
21,Shakhtar Donetsk,7,2,20962417,4754000
21,Shakhtar Donetsk,9,4,53314638,10126500
77,Sheffield United,0,3,2748042,2294000
77,Sheffield United,12,6,48224969,10744500
77,Sheffield United,3,8,35079865,11080000
77,Sheffield United,4,4,11191353,5721500
77,Sheffield United,5,2,11571216,2763000
77,Sheffield United,7,4,27774534,5402500
77,Sheffield United,8,4,23838962,5786000
95,Siena,0,3,6559713,2480000
95,Siena,11,1,2956109,9595500
95,Siena,12,5,29267701,8713000
95,Siena,3,5,21945500,8440000
95,Siena,4,4,19413278,5555000
95,Siena,5,2,7045014,2531000
95,Siena,7,3,21006847,5192500
95,Siena,8,1,8847463,1538500
95,Siena,9,3,20494092,6516500
112,Sparta Rotterdam,0,3,7940400,2569500
112,Sparta Rotterdam,10,3,30284482,5472000
112,Sparta Rotterdam,12,3,13433243,4412500
112,Sparta Rotterdam,3,6,32652785,5149000
112,Sparta Rotterdam,4,3,15528141,3499500
112,Sparta Rotterdam,5,3,14523213,2688000
112,Sparta Rotterdam,7,1,8712202,861500
112,Sparta Rotterdam,8,1,14413785,2902000
112,Sparta Rotterdam,9,4,32131049,5963000
2,Spartak Moskva,0,2,5455574,828500
2,Spartak Moskva,12,4,46784487,7447000
2,Spartak Moskva,3,4,21867046,5654500
2,Spartak Moskva,4,5,37986248,6427500
2,Spartak Moskva,7,2,16681906,3670500
2,Spartak Moskva,8,5,57884283,9555000
2,Spartak Moskva,9,2,17830718,4952000
88,Sporting Lisbon,0,3,9110348,3112000
88,Sporting Lisbon,10,1,16315884,1611000
88,Sporting Lisbon,12,5,56969127,12680500
88,Sporting Lisbon,3,5,28167118,5762000
88,Sporting Lisbon,4,4,25456251,4675000
88,Sporting Lisbon,5,2,20786217,2781000
88,Sporting Lisbon,7,3,26459876,5246500
88,Sporting Lisbon,8,2,19879749,10037500
88,Sporting Lisbon,9,2,28016420,5980500
101,Stade Rennais FC,0,3,8167615,1919000
101,Stade Rennais FC,10,2,15658957,5506500
101,Stade Rennais FC,11,2,67630883,10320500
101,Stade Rennais FC,12,5,64427212,11241000
101,Stade Rennais FC,3,4,34097146,5192000
101,Stade Rennais FC,4,3,18526500,4216500
101,Stade Rennais FC,7,5,39630190,7663000
101,Stade Rennais FC,8,2,14745018,2529500
76,Sunderland,0,3,9761821,1926000
76,Sunderland,12,4,36462527,7308000
76,Sunderland,3,5,23317364,7965500
76,Sunderland,4,4,12403931,4391500
76,Sunderland,7,4,30002732,7973000
76,Sunderland,8,4,45469608,7512500
98,T.V.S. Alemannia Aachen,0,3,14854726,3747500
98,T.V.S. Alemannia Aachen,11,1,9603361,1499500
98,T.V.S. Alemannia Aachen,12,7,63061263,14596500
98,T.V.S. Alemannia Aachen,3,5,36831455,8720000
98,T.V.S. Alemannia Aachen,4,4,33536660,6128500
98,T.V.S. Alemannia Aachen,5,3,23101659,5392500
98,T.V.S. Alemannia Aachen,7,1,7242479,597000
98,T.V.S. Alemannia Aachen,8,1,3541360,1808500
98,T.V.S. Alemannia Aachen,9,3,28818370,6183500
83,Torino,0,3,6671392,4053500
83,Torino,10,1,13699125,2205500
83,Torino,12,7,54544332,13486500
83,Torino,3,5,19645930,9119000
83,Torino,4,4,14967410,6735000
83,Torino,5,3,8328831,3858500
83,Torino,6,1,2599353,1748500
83,Torino,7,2,13236274,4343500
83,Torino,8,3,30379169,8239500
53,Tottenham Hotspur,0,3,10050718,3020500
53,Tottenham Hotspur,12,3,52383232,10647000
53,Tottenham Hotspur,3,4,36585994,7711000
53,Tottenham Hotspur,4,5,41596497,8870500
53,Tottenham Hotspur,5,3,40851027,7686500
53,Tottenham Hotspur,7,4,63447631,11649000
53,Tottenham Hotspur,8,2,37065551,5031000
53,Tottenham Hotspur,9,3,48497428,10002500
102,Toulouse FC,0,3,11090169,1585000
102,Toulouse FC,11,1,10773579,1906500
102,Toulouse FC,12,4,39684220,8350500
102,Toulouse FC,3,4,24372443,4596500
102,Toulouse FC,4,5,56031264,8983000
102,Toulouse FC,5,2,11125144,2756000
102,Toulouse FC,7,2,13845862,2743500
102,Toulouse FC,8,3,23336973,3162000
102,Toulouse FC,9,2,18771624,4929500
84,Udinese,0,2,8765577,7769500
84,Udinese,11,2,0,4191000
84,Udinese,12,3,0,4759500
84,Udinese,3,5,22316754,9954500
84,Udinese,4,4,8655000,19147500
84,Udinese,5,1,0,1127500
84,Udinese,7,2,20897952,4146500
84,Udinese,9,6,73777879,38892500
49,VFB Stuttgart,0,3,17812055,5697500
49,VFB Stuttgart,11,1,16576098,5917000
49,VFB Stuttgart,12,4,38794424,6408000
49,VFB Stuttgart,3,4,29112098,8809500
49,VFB Stuttgart,4,4,35656287,7926000
49,VFB Stuttgart,5,4,33131135,7999500
49,VFB Stuttgart,7,2,14240007,4504500
49,VFB Stuttgart,8,4,51703841,7074000
49,VFB Stuttgart,9,1,17043747,1552500
71,VFL Bochum,0,3,2496961,2324500
71,VFL Bochum,12,6,44368903,8893500
71,VFL Bochum,3,6,48391535,9996500
71,VFL Bochum,4,4,21005318,5450000
71,VFL Bochum,5,3,8563353,4878000
71,VFL Bochum,8,3,23927118,3612500
71,VFL Bochum,9,2,22389819,3722500
7,VFL Wolfsburg,0,3,8226921,3047000
7,VFL Wolfsburg,12,4,31148924,8751500
7,VFL Wolfsburg,3,4,32333189,7981000
7,VFL Wolfsburg,4,5,25192646,6665000
7,VFL Wolfsburg,5,1,7172379,1053500
7,VFL Wolfsburg,7,3,15777216,5687500
7,VFL Wolfsburg,8,2,17158526,5063500
7,VFL Wolfsburg,9,3,28913205,6556000
89,Valencia C.F.,0,2,734529,4964500
89,Valencia C.F.,10,2,36488331,11197500
89,Valencia C.F.,12,4,83607007,21018500
89,Valencia C.F.,3,4,45955439,21569500
89,Valencia C.F.,4,4,29514043,12719000
89,Valencia C.F.,5,1,10794191,7529500
89,Valencia C.F.,7,2,43233167,16350500
89,Valencia C.F.,8,2,32104197,9608000
89,Valencia C.F.,9,1,0,1854500
115,Valenciennes FC,0,3,9432241,2694000
115,Valenciennes FC,12,7,42050874,10240500
115,Valenciennes FC,3,4,13669638,4033500
115,Valenciennes FC,4,4,15629407,3995000
115,Valenciennes FC,5,4,23188281,5486500
115,Valenciennes FC,7,1,2246477,1124500
115,Valenciennes FC,8,4,24561053,4408500
115,Valenciennes FC,9,2,12936700,2569000
100,Villarreal C.F.,0,3,15441302,2345500
100,Villarreal C.F.,11,1,39777330,8073500
100,Villarreal C.F.,12,3,22475578,6154000
100,Villarreal C.F.,3,4,28738582,8743500
100,Villarreal C.F.,4,4,18595995,5013000
100,Villarreal C.F.,5,3,11768832,5006000
100,Villarreal C.F.,7,2,49494545,5128000
100,Villarreal C.F.,8,3,26736765,4078500
100,Villarreal C.F.,9,3,48391416,14780000
16,Vitesse,0,3,5380305,1276000
16,Vitesse,10,3,26125715,3691000
16,Vitesse,12,2,17126233,3308500
16,Vitesse,3,4,18414202,3640000
16,Vitesse,4,5,29052426,5367500
16,Vitesse,5,2,15710891,3567500
16,Vitesse,7,1,5497528,786500
16,Vitesse,8,3,27482197,5094500
16,Vitesse,9,2,15291824,1823000
132,Watford,0,4,12958213,3006000
132,Watford,10,2,16102573,2214500
132,Watford,12,4,27638969,4891500
132,Watford,3,5,21272690,5347000
132,Watford,4,4,20508831,4855000
132,Watford,5,1,5504685,885000
132,Watford,7,5,35410377,6490500
132,Watford,8,3,33841038,4805000
27,Werder Bremen,0,3,11269347,3362500
27,Werder Bremen,11,3,47465252,7099000
27,Werder Bremen,12,4,67472913,14426000
27,Werder Bremen,3,3,24705459,3991000
27,Werder Bremen,4,3,25524542,6642000
27,Werder Bremen,5,2,14212514,3660500
27,Werder Bremen,7,3,30128846,7833000
27,Werder Bremen,9,2,26253669,10019000
94,West Ham United,0,3,5738729,4054000
94,West Ham United,12,9,21472985,21536000
94,West Ham United,3,5,38913949,8832500
94,West Ham United,4,4,25030160,7415000
94,West Ham United,5,3,6604321,5919500
94,West Ham United,7,1,15651282,2455000
94,West Ham United,8,2,5339471,7692500
94,West Ham United,9,1,0,3418500
1,Wigan Athletic,0,4,13637306,4093000
1,Wigan Athletic,12,4,37833455,12394000
1,Wigan Athletic,3,5,15995257,6490000
1,Wigan Athletic,4,4,18159140,3960000
1,Wigan Athletic,5,1,9492743,1400500
1,Wigan Athletic,7,2,11143073,5360500
1,Wigan Athletic,8,5,46296692,6470000
1,Wigan Athletic,9,3,27811569,5791500
73,Willem II,0,4,10931794,3204000
73,Willem II,10,4,33933836,6616000
73,Willem II,12,4,13510903,7183000
73,Willem II,3,4,18578545,3445500
73,Willem II,4,4,26511385,4787000
73,Willem II,5,1,3736250,1337500
73,Willem II,7,3,18829838,2481000
73,Willem II,8,2,9247381,1899500
